Model,Precision,Recall,F1,ROC_AUC
Logistic Regression,0.9904956602826196,0.9694257231114856,0.979847436579741,0.9977939764729753
Random Forest,0.999824518302741,1.0,0.9999122514522385,0.9999903225347531
XGBoost,0.9996315595557661,1.0,0.9998157458345398,0.9999982989978313
Isolation Forest,0.978784553482782,0.6575049143499017,0.7866036745406824,0.9561415864721463
Hybrid Model,0.999701717754812,1.0,0.9998508366310137,0.9999568842341222
